fecha_hora,inversor,potencia_ac
2020-05-15 06:00,INV_1,3.59
2020-05-15 06:00,INV_2,5.16
2020-05-15 06:30,INV_1,60.69
2020-05-15 06:30,INV_2,69.2
2020-05-15 07:00,INV_1,170.01
2020-05-15 07:00,INV_2,195.1
2020-05-15 07:30,INV_1,180.59
2020-05-15 07:30,INV_2,203.71
2020-05-15 08:00,INV_1,318.67
2020-05-15 08:00,INV_2,275.46
2020-05-15 08:30,INV_1,424.13
2020-05-15 08:30,INV_2,488.75
2020-05-15 09:00,INV_1,559.23
2020-05-15 09:00,INV_2,805.33
2020-05-15 09:30,INV_1,315.89
2020-05-15 09:30,INV_2,424.14
2020-05-15 10:00,INV_1,588.77
2020-05-15 10:00,INV_2,837.2
2020-05-15 10:30,INV_1,431.88
2020-05-15 10:30,INV_2,548.23
2020-05-15 11:00,INV_1,668.73
2020-05-15 11:00,INV_2,804.9
2020-05-15 11:30,INV_1,609.86
2020-05-15 11:30,INV_2,724.44
2020-05-15 12:00,INV_1,805.19
2020-05-15 12:00,INV_2,686.11
2020-05-15 12:30,INV_1,832.96
2020-05-15 12:30,INV_2,945.67
2020-05-15 13:00,INV_1,596.56
2020-05-15 13:00,INV_2,615.59
2020-05-15 13:30,INV_1,742.91
2020-05-15 13:30,INV_2,803.73
2020-05-15 14:00,INV_1,934.47
2020-05-15 14:00,INV_2,1009.49
2020-05-15 14:30,INV_1,532.23
2020-05-15 14:30,INV_2,755.06
2020-05-15 15:00,INV_1,580.26
2020-05-15 15:00,INV_2,536.09
2020-05-15 15:30,INV_1,637.7
2020-05-15 15:30,INV_2,777.0
2020-05-15 16:00,INV_1,446.57
2020-05-15 16:00,INV_2,474.29
2020-05-15 16:30,INV_1,426.01
2020-05-15 16:30,INV_2,448.44
2020-05-15 17:00,INV_1,202.69
2020-05-15 17:00,INV_2,212.27
2020-05-15 17:30,INV_1,106.07
2020-05-15 17:30,INV_2,114.35
2020-05-15 18:00,INV_1,25.49
2020-05-15 18:00,INV_2,29.51
